Number_pregnant,Glucose_concentration,Blood_pressure,Triceps,Insulin,BMI,Pedigree,Age,Class Group,
6,0.743719,0.590164,0.353535,0,0.500745,0.234415,50,1,B
1,0.427136,0.540964,0.292929,0,0.396423,0.116567,31,0,C
8,0.919598,0.5245,0,0,0.347243,0.253629,32,1,B
1,0.447236,0.540964,0.232323,0.111111,0.418758,0.038002,21,0,B
0,0.688442,0.327809,0.353535,0.198582,0.642325,0.943638,33,1,C
